<?xml version="1.0" encoding="ISO-8859-1"?>
<ITRETURN:ITR xmlns:ITRETURN="http://incometaxindiaefiling.gov.in/main" xmlns:ITR1FORM="http://incometaxindiaefiling.gov.in/ITR1" xmlns:ITRForm="http://incometaxindiaefiling.gov.in/master" xmlns:xsi="http://www.w3.org/2001/XMLSchema-instance">
<ITR1FORM:ITR1>
<ITRForm:CreationInfo>
<ITRForm:SWVersionNo>R1</ITRForm:SWVersionNo>
<ITRForm:SWCreatedBy>SW92201819</ITRForm:SWCreatedBy>
<ITRForm:XMLCreatedBy>SW92201819</ITRForm:XMLCreatedBy>
<ITRForm:XMLCreationDate>2018-06-20</ITRForm:XMLCreationDate>
<ITRForm:IntermediaryCity>Delhi</ITRForm:IntermediaryCity>
<ITRForm:Digest>R+VHij+clqJKKPwW5l9ruyaeshzzX+lnSUICPMhhNjg=</ITRForm:Digest>
</ITRForm:CreationInfo>
<ITRForm:Form_ITR1>
<ITRForm:FormName>ITR-1</ITRForm:FormName>
<ITRForm:Description>For Indls having Income from Salary, Pension, family pension and Interest</ITRForm:Description>
<ITRForm:AssessmentYear>2018</ITRForm:AssessmentYear>
<ITRForm:SchemaVer>Ver1.0</ITRForm:SchemaVer>
<ITRForm:FormVer>Ver1.0</ITRForm:FormVer>
</ITRForm:Form_ITR1>
<ITRForm:PersonalInfo>
<ITRForm:AssesseeName>
<ITRForm:FirstName>PRAVEEN KUMAR</ITRForm:FirstName>
<ITRForm:SurNameOrOrgName>GAJENDRAN</ITRForm:SurNameOrOrgName>
</ITRForm:AssesseeName>
<ITRForm:PAN>AVEPG9570C</ITRForm:PAN>
<ITRForm:Address>
<ITRForm:ResidenceNo>28-488/1A</ITRForm:ResidenceNo>
<ITRForm:LocalityOrArea>GANGANAPALLI</ITRForm:LocalityOrArea>
<ITRForm:CityOrTownOrDistrict>CHITTOOR</ITRForm:CityOrTownOrDistrict>
<ITRForm:StateCode>02</ITRForm:StateCode>
<ITRForm:CountryCode>91</ITRForm:CountryCode>
<ITRForm:PinCode>517001</ITRForm:PinCode>
<ITRForm:MobileNo>9490830687</ITRForm:MobileNo>
<ITRForm:EmailAddress>GPRAVNKMR@GMAIL.COM</ITRForm:EmailAddress>
</ITRForm:Address>
<ITRForm:DOB>1989-07-02</ITRForm:DOB>
<ITRForm:EmployerCategory>OTH</ITRForm:EmployerCategory>
<ITRForm:AadhaarCardNo>625567699560</ITRForm:AadhaarCardNo>
</ITRForm:PersonalInfo>
<ITRForm:FilingStatus>
<ITRForm:ReturnFileSec>11</ITRForm:ReturnFileSec>
<ITRForm:ReturnType>O</ITRForm:ReturnType>
<ITRForm:PortugeseCC5A>N</ITRForm:PortugeseCC5A>
</ITRForm:FilingStatus>
<ITRForm:ITR1_IncomeDeductions>
<ITRForm:Salary>422268</ITRForm:Salary>
<ITRForm:AlwnsNotExempt>0</ITRForm:AlwnsNotExempt>
<ITRForm:PerquisitesValue>0</ITRForm:PerquisitesValue>
<ITRForm:ProfitsInSalary>0</ITRForm:ProfitsInSalary>
<ITRForm:DeductionUs16>0</ITRForm:DeductionUs16>
<ITRForm:IncomeFromSal>422268</ITRForm:IncomeFromSal>
<ITRForm:AnnualValue>0</ITRForm:AnnualValue>
<ITRForm:StandardDeduction>0</ITRForm:StandardDeduction>
<ITRForm:TotalIncomeOfHP>0</ITRForm:TotalIncomeOfHP>
<ITRForm:IncomeOthSrc>0</ITRForm:IncomeOthSrc>
<ITRForm:GrossTotIncome>422268</ITRForm:GrossTotIncome>
<ITRForm:UsrDeductUndChapVIA>
<ITRForm:Section80C>93208</ITRForm:Section80C>
<ITRForm:Section80CCC>0</ITRForm:Section80CCC>
<ITRForm:Section80CCDEmployeeOrSE>0</ITRForm:Section80CCDEmployeeOrSE>
<ITRForm:Section80CCD1B>0</ITRForm:Section80CCD1B>
<ITRForm:Section80CCDEmployer>0</ITRForm:Section80CCDEmployer>
<ITRForm:Section80DUsrType>4</ITRForm:Section80DUsrType>
<ITRForm:Section80D>27835</ITRForm:Section80D>
<ITRForm:Section80DD>0</ITRForm:Section80DD>
<ITRForm:Section80DDB>0</ITRForm:Section80DDB>
<ITRForm:Section80E>0</ITRForm:Section80E>
<ITRForm:Section80EE>0</ITRForm:Section80EE>
<ITRForm:Section80G>0</ITRForm:Section80G>
<ITRForm:Section80GG>0</ITRForm:Section80GG>
<ITRForm:Section80GGA>0</ITRForm:Section80GGA>
<ITRForm:Section80GGC>0</ITRForm:Section80GGC>
<ITRForm:Section80U>0</ITRForm:Section80U>
<ITRForm:Section80RRB>0</ITRForm:Section80RRB>
<ITRForm:Section80QQB>0</ITRForm:Section80QQB>
<ITRForm:Section80CCG>0</ITRForm:Section80CCG>
<ITRForm:Section80TTA>0</ITRForm:Section80TTA>
<ITRForm:TotalChapVIADeductions>121043</ITRForm:TotalChapVIADeductions>
</ITRForm:UsrDeductUndChapVIA>
<ITRForm:DeductUndChapVIA>
<ITRForm:Section80C>93208</ITRForm:Section80C>
<ITRForm:Section80CCC>0</ITRForm:Section80CCC>
<ITRForm:Section80CCDEmployeeOrSE>0</ITRForm:Section80CCDEmployeeOrSE>
<ITRForm:Section80CCD1B>0</ITRForm:Section80CCD1B>
<ITRForm:Section80CCDEmployer>0</ITRForm:Section80CCDEmployer>
<ITRForm:Section80D>27835</ITRForm:Section80D>
<ITRForm:Section80DD>0</ITRForm:Section80DD>
<ITRForm:Section80DDB>0</ITRForm:Section80DDB>
<ITRForm:Section80E>0</ITRForm:Section80E>
<ITRForm:Section80EE>0</ITRForm:Section80EE>
<ITRForm:Section80G>0</ITRForm:Section80G>
<ITRForm:Section80GG>0</ITRForm:Section80GG>
<ITRForm:Section80GGA>0</ITRForm:Section80GGA>
<ITRForm:Section80GGC>0</ITRForm:Section80GGC>
<ITRForm:Section80U>0</ITRForm:Section80U>
<ITRForm:Section80RRB>0</ITRForm:Section80RRB>
<ITRForm:Section80QQB>0</ITRForm:Section80QQB>
<ITRForm:Section80CCG>0</ITRForm:Section80CCG>
<ITRForm:Section80TTA>0</ITRForm:Section80TTA>
<ITRForm:TotalChapVIADeductions>121043</ITRForm:TotalChapVIADeductions>
</ITRForm:DeductUndChapVIA>
<ITRForm:TotalIncome>301230</ITRForm:TotalIncome>
</ITRForm:ITR1_IncomeDeductions>
<ITRForm:ITR1_TaxComputation>
<ITRForm:TotalTaxPayable>2562</ITRForm:TotalTaxPayable>
<ITRForm:Rebate87A>2500</ITRForm:Rebate87A>
<ITRForm:TaxPayableOnRebate>62</ITRForm:TaxPayableOnRebate>
<ITRForm:EducationCess>2</ITRForm:EducationCess>
<ITRForm:GrossTaxLiability>64</ITRForm:GrossTaxLiability>
<ITRForm:Section89>0</ITRForm:Section89>
<ITRForm:NetTaxLiability>64</ITRForm:NetTaxLiability>
<ITRForm:TotalIntrstPay>0</ITRForm:TotalIntrstPay>
<ITRForm:IntrstPay>
<ITRForm:IntrstPayUs234A>0</ITRForm:IntrstPayUs234A>
<ITRForm:IntrstPayUs234B>0</ITRForm:IntrstPayUs234B>
<ITRForm:IntrstPayUs234C>0</ITRForm:IntrstPayUs234C>
<ITRForm:LateFilingFee234F>0</ITRForm:LateFilingFee234F>
</ITRForm:IntrstPay>
<ITRForm:TotTaxPlusIntrstPay>64</ITRForm:TotTaxPlusIntrstPay>
</ITRForm:ITR1_TaxComputation>
<ITRForm:TaxPaid>
<ITRForm:TaxesPaid>
<ITRForm:AdvanceTax>0</ITRForm:AdvanceTax>
<ITRForm:TDS>8896</ITRForm:TDS>
<ITRForm:TCS>0</ITRForm:TCS>
<ITRForm:SelfAssessmentTax>0</ITRForm:SelfAssessmentTax>
<ITRForm:TotalTaxesPaid>8896</ITRForm:TotalTaxesPaid>
</ITRForm:TaxesPaid>
<ITRForm:BalTaxPayable>0</ITRForm:BalTaxPayable>
</ITRForm:TaxPaid>
<ITRForm:Refund>
<ITRForm:RefundDue>8830</ITRForm:RefundDue>
<ITRForm:BankAccountDtls>
<ITRForm:PriBankDetails>
<ITRForm:IFSCCode>ICIC0000583</ITRForm:IFSCCode>
<ITRForm:BankName>ICICI BANK LIMITED</ITRForm:BankName>
<ITRForm:BankAccountNo>058301523699</ITRForm:BankAccountNo>
</ITRForm:PriBankDetails>
</ITRForm:BankAccountDtls>
</ITRForm:Refund>
<ITRForm:TDSonSalaries>
<ITRForm:TDSonSalary>
<ITRForm:EmployerOrDeductorOrCollectDetl>
<ITRForm:TAN>PNEI06954A</ITRForm:TAN>
<ITRForm:EmployerOrDeductorOrCollecterName>CAPGEMINI TECHNOLOGY SERVICES INDIA LIMITED</ITRForm:EmployerOrDeductorOrCollecterName>
</ITRForm:EmployerOrDeductorOrCollectDetl>
<ITRForm:IncChrgSal>422268</ITRForm:IncChrgSal>
<ITRForm:TotalTDSSal>8896</ITRForm:TotalTDSSal>
</ITRForm:TDSonSalary>
<ITRForm:TotalTDSonSalaries>8896</ITRForm:TotalTDSonSalaries>
</ITRForm:TDSonSalaries>
<ITR1FORM:TaxExmpIntInc>0</ITR1FORM:TaxExmpIntInc>
<ITRForm:Verification>
<ITRForm:Declaration>
<ITRForm:AssesseeVerName>PRAVEEN KUMAR  GAJENDRAN</ITRForm:AssesseeVerName>
<ITRForm:FatherName>GAJENDRAN R</ITRForm:FatherName>
<ITRForm:AssesseeVerPAN>AVEPG9570C</ITRForm:AssesseeVerPAN>
</ITRForm:Declaration>
<ITRForm:Capacity>SELF</ITRForm:Capacity>
<ITRForm:Place>CHITTOOR</ITRForm:Place>
<ITRForm:Date>2018-06-20</ITRForm:Date>
</ITRForm:Verification>
</ITR1FORM:ITR1>
</ITRETURN:ITR>
